{
    "total_average_score": 1.4876359316626049,
    "all_scores": [
        {
            "animal_04": {
                "AMPR_score": 0.4920588731765747,
                "MPVR_score": 0.019023969769477844,
                "FCR_score": 0.00980392156862745,
                "CMPV_score": 1,
                "MCMPV_score": 0.13333334028720856,
                "TSI_sum": 1.6542201048018885,
                "TSI_score": 0.6045144760949216
            }
        },
        {
            "3d_printing_08": {
                "AMPR_score": 0.3172440230846405,
                "MPVR_score": 0.01567322388291359,
                "FCR_score": 0.0,
                "CMPV_score": 0,
                "MCMPV_score": 0.08888888359069824,
                "TSI_sum": 0.42180613055825233,
                "TSI_score": 2.370757387230288
            }
        }
    ]
}