{
    "average_general_score": 0.6666226536035538,
    "average_metamorphic_score": 0.3029917776584625,
    "video_scores": [
        {
            "video_name": "animal_04.mp4",
            "general_score": 0.6541563868522644,
            "metamorphic_score": 0.3142019957304001
        },
        {
            "video_name": "3d_printing_08.mp4",
            "general_score": 0.6790889203548431,
            "metamorphic_score": 0.29178155958652496
        }
    ]
}