{
    "test_open_3": 1113.2449035630073,
    "test_open_2": 1113.2449035630073,
    "test_open_1": 1113.2449035630073
}