{
    "test_open_3": 1121.2363764645206,
    "test_open_2": 1121.2363764645206,
    "test_open_1": 1121.2363764645206
}