{
    "test_open_3": 1121.6270297777705,
    "test_open_2": 1146.6270297777705,
    "test_open_1": 1121.6270297777705
}