{
    "test_open_3": 1120.5378938643057,
    "test_open_2": 1120.5378938643057,
    "test_open_1": 1120.5378938643057
}