{
    "test_open_3": 1116.538886680418,
    "test_open_2": 1116.538886680418,
    "test_open_1": 1116.538886680418
}