{
    "test_open_3": 1115.4238187446838,
    "test_open_2": 1115.4238187446838,
    "test_open_1": 1115.4238187446838
}