{
    "test_open_3": 1115.9183901546385,
    "test_open_2": 1115.9183901546385,
    "test_open_1": 1115.9183901546385
}