{"0": -2.611328125, "1": -1.30078125}