{
    "model_1649_3": 1121.2363764645206,
    "model_1649_2": 1121.2363764645206,
    "model_1649_1": 1121.2363764645206
}