{
    "test_1649_3": 1121.6270297777705,
    "test_1649_2": 1146.6270297777705,
    "test_1649_1": 1121.6270297777705
}