{
    "test_1649_3": 1115.9183901546385,
    "test_1649_2": 1115.9183901546385,
    "test_1649_1": 1115.9183901546385
}