{
    "model_1649_3": 1113.2449035630073,
    "model_1649_2": 1113.2449035630073,
    "model_1649_1": 1113.2449035630073
}