{
    "model_1649_3": 1116.538886680418,
    "model_1649_2": 1116.538886680418,
    "model_1649_1": 1116.538886680418
}