{
    "test_1649_3": 1120.5378938643057,
    "test_1649_2": 1120.5378938643057,
    "test_1649_1": 1120.5378938643057
}