{
    "model_1649_3": 1115.4238187446838,
    "model_1649_2": 1115.4238187446838,
    "model_1649_1": 1115.4238187446838
}